language,speakers,percentage
Bangla,300000000,3.8990180176129665
Egyptian Arabic,100542400,1.3067220971134996
English,1132366680,14.71706029288192
German,134993040,1.7544676507078263
Indonesian,198996550,2.5863037796427317
Japanese,128000000,1.663581020848199
Portuguese,475300000,6.177344212571477
Punjabi,125000000,1.6245908406720693
Russian,154000000,2.0014959157079892
Standard Mandarin,1090951810,14.178802545124924
